[{"DocumentTypeId":"Mygroup.NoCategory.Finance","Keywords":[{"Values":["mba"],"NumberOfTimesConfirmed":1,"LastUpdated":"2022-08-17T05:10:16.745434+08:00"},{"Values":["ledger"],"NumberOfTimesConfirmed":1,"LastUpdated":"2022-08-17T05:10:16.745434+08:00"}]},{"DocumentTypeId":"Mygroup.NoCategory.IT","Keywords":[{"Values":["programming"],"NumberOfTimesConfirmed":1,"LastUpdated":"2022-08-17T05:10:16.745434+08:00"},{"Values":["servers"],"NumberOfTimesConfirmed":1,"LastUpdated":"2022-08-17T05:10:16.745434+08:00"},{"Values":["network"],"NumberOfTimesConfirmed":1,"LastUpdated":"2022-08-17T05:10:16.745434+08:00"},{"Values":["java"],"NumberOfTimesConfirmed":1,"LastUpdated":"2022-08-17T05:10:16.745434+08:00"},{"Values":["asp.net"],"NumberOfTimesConfirmed":1,"LastUpdated":"2022-08-17T05:15:24.5503241+08:00"},{"Values":["programmer"],"NumberOfTimesConfirmed":1,"LastUpdated":"2022-08-17T05:15:24.5503241+08:00"},{"Values":["windows"],"NumberOfTimesConfirmed":1,"LastUpdated":"2022-08-17T05:15:24.5503241+08:00"},{"Values":["route"],"NumberOfTimesConfirmed":1,"LastUpdated":"2022-08-17T05:15:24.5503241+08:00"},{"Values":["switch"],"NumberOfTimesConfirmed":1,"LastUpdated":"2022-08-17T05:15:24.5503241+08:00"}]},{"DocumentTypeId":"Mygroup.NoCategory.Mechanical","Keywords":[{"Values":["mechanical"],"NumberOfTimesConfirmed":1,"LastUpdated":"2022-08-17T05:10:16.745434+08:00"},{"Values":["autocad"],"NumberOfTimesConfirmed":1,"LastUpdated":"2022-08-17T05:15:24.5503241+08:00"},{"Values":["engineering"],"NumberOfTimesConfirmed":1,"LastUpdated":"2022-08-17T05:15:24.5503241+08:00"},{"Values":["cad"],"NumberOfTimesConfirmed":1,"LastUpdated":"2022-08-17T05:15:24.5503241+08:00"}]}]
